image,raw_reference,reference,name,definition,equivalents,hex,confidence
01 ammo.png,AMIG-0001,MIG-0001,OLIVGRUN OPT.1,RAL 6003,TAMIYA:XF61; MODEL COLOR:70.888,#353a2d,0.8177809291930267
01 ammo.png,AMIG-0002,MIG-0002,OLIVGRUN OPT.2,FS34082-RAL 6003,HOBBY COLOR:H48; MR.COLOR:C52; TAMIYA:XF65; MODEL COLOR:70.890; MODEL AIR:71.092,#525c37,0.8039895164911844
01 ammo.png,A.MIG-0003,MIG-0003,RESEDAGRUN,FS34227-RAL 6011,HOBBY COLOR:H312; MR.COLOR:C312; MODEL COLOR:70.891; MODEL AIR:71.126,#66764f,0.8947584006661146
01 ammo.png,AMIG-0004,MIG-0004,RESEDAGRUN B,RAL 6011,HOBBY COLOR:H340; MR.COLOR:C340,#4c5630,0.9856195091800695
01 ammo.png,A.MIG-0005,MIG-0005,GRAUGRUN,RAL 7008,MODEL AIR:71.116,#5b533b,0.8003193650396019
01 ammo.png,A.MIG-0006,MIG-0006,GRAUGRUN OPT2,RAL 7008,,#827d51,0.7670371401430021
01 ammo.png,AMIG-0007,MIG-0007,DUNKELBRAUN,RAL 7017,MODEL COLOR:70.347; MODEL AIR:71.248,#4d3f32,0.7917988360441458
01 ammo.png,AMIG-0008,MIG-0008,DUNKELGRAU,RAL 7021,HOBBY COLOR:H401; MODEL COLOR:70.862; MODEL AIR:71.056,#272d33,0.8499897063847718
01 ammo.png,AMIG-000g,MIG-0009,SANDGRAU,RAL 7027,HOBBY COLOR:H321; MR.COLOR:C321,#b8a78e,0.8349307573567286
01 ammo.png,AMIG-0010,MIG-0010,DUNKELGELB (MID WAR),RAL 7028,HOBBY COLOR:H403; TAMIYA:XF60; MODEL AIR:71.025,#978745,0.8168112119803048
01 ammo.png,AMIG-0011,MIG-0011,DUNKELGELB AUS '44 DG,FS33440-RAL 7028,MODEL COLOR:70.978,#c3b788,0.8339979683199066
01 ammo.png,AMIG-0012,MIG-0012,DUNKELGELB AUS '44 DG IIl,RAL 7028,,#ccbf99,0.7657345843303225
01 ammo.png,AMIG-0013,MIG-0013,GELBBRAUN,RAL 8000,HOBBY COLOR:H27; MR.COLOR:C44; TAMIYA:XF57; MODEL COLOR:70.879; MODEL AIR:71.272,#aa947c,0.8872687640316922
01 ammo.png,A.MIG-0014,MIG-0014,ROTBRAUN,RAL 8012,HOBBY COLOR:H47 /H460; MR.COLOR:C41; TAMIYA:XF64; MODEL COLOR:70.814; MODEL AIR:71.271,#76341f,0.8992119208345375
01 ammo.png,AMIG-0015,MIG-0015,SCHOKOBRAUN,FS30059-RAL 8017,HOBBY COLOR:H406; TAMIYA:XF10; MODEL COLOR:70.985; MODEL AIR:71.041,#4e3933,0.9348090516885534
01 ammo.png,AMIG-0016,MIG-0016,GELBBRAUN,RAL 8020,,#dbbe7b,0.9993808796690595
01 ammo.png,AMIG-0017,MIG-0017,CREMEWEISS,RAL 9001,MODEL COLOR:70.918; MODEL AIR:71.270,#e5e1bd,0.8029262908088419
01 ammo.png,AMIG-0018,MIG-0018,POLIZEI GRUN,,,#38594f,0.9511629782158229
01 ammo.png,AMIG-0019,MIG-0019,RUSSIAN GREEN,4B0,MODEL COLOR:70.924; MODEL AIR:71.017,#494929,0.8321812082584463
01 ammo.png,AMIG-0020,MIG-0020,RUSSIAN BROWN,6K,MODEL COLOR:70.941; MODEL AIR:71.282,#7c7673,0.7137058847217022
01 ammo.png,AMIG-0021,MIG-0021,RUSSIAN TAN,7K,MODEL COLOR:70.310; MODEL AIR:71.283,#918773,0.7629879281522803
01 ammo.png,AMIG-0022,MIG-0022,BASIC PROTECTOR ALKIDNO-URETANOVAYA,3B AU,MODEL COLOR:70.337; MODEL AIR:71.281,#39301c,0.8987457852144007
01 ammo.png,AMIG-0023,MIG-0023,PROTECTIVE GREEN,FS34227,HOBBY COLOR:H312; MR.COLOR:C312; TAMIYA:XF71,#829e96,0.9196678210854866
01 ammo.png,AMIG-0024,MIG-0024,WASHABLE WHITE CAMO,,,#5e8379,0.9052755254606667
01 ammo.png,AMIG-0025,MIG-0025,US MODERN VEHICLES,FS 33446,MODEL COLOR:70.819; MODEL AIR:71.140,#bf9e7b,0.8692486542406496
01 ammo.png,AMIG-0026,MIG-0026,SAND BROWN,RAL 8031 F9,HOBBY COLOR:H44; MR.COLOR:C51; MODEL COLOR:70.977; MODEL AIR:71.117,#c09d88,0.9164332207636301
01 ammo.png,AMIG-0027,MIG-0027,GERMAN SAND BEIGE,RAL1039 F9,MODEL COLOR:70.917; MODEL AIR:71.244,#bca672,0.8798570935583429
01 ammo.png,A.MIG-0028,MIG-0028,GERMAN GREY BEIGE,RAL 1039 F7,MODEL COLOR:70.821; MODEL AIR:71.131,#766f61,0.8090848617483088
01 ammo.png,AMIG-0029,MIG-0029,DESERT SAND,,,#bda470,0.787442521611621
01 ammo.png,AMIG-0030,MIG-0030,SAND YELLOW,BS 381c 361,HOBBY COLOR:H459; MODEL AIR:71.143,#c89a56,0.9324596726683503
01 ammo.png,AMIG-0031,MIG-0031,SPANISH GREEN-KHAKI,,MODEL COLOR:70.314; MODEL AIR:71.247,#484128,0.8459947472041995
01 ammo.png,AMIG-0032,MIG-0032,SATIN BLACK,,HOBBY COLOR:H2; MR.COLOR:C2/C92; MODEL COLOR:70.861,#150b0a,0.8917614400012452
01 ammo.png,AMIG-0033,MIG-0033,RUBBER & TIRES,,HOBBY COLOR:H77; MR.COLOR:C137; MODEL COLOR:70.306; MODEL AIR:71.315,#333134,0.836836936323343
01 ammo.png,A.MIG-0034,MIG-0034,RUST TRACKS,FS 30111-BS435,MODEL COLOR:70.343; MODEL AIR:71.080,#382924,0.7435102949166156
01 ammo.png,A.MIG-0035,MIG-0035,DARK TRACKS,,HOBBY COLOR:H84; MR.COLOR:C42; MODEL COLOR:70.302; MODEL AIR:71.039,#030101,0.8973972933351481
01 ammo.png,A.MIG-0036,MIG-0036,OLD WOOD,,MODEL AIR:71.075,#b19568,0.809361553813807
01 ammo.png,AMIG-0037,MIG-0037,NEW WOOD,,MODEL COLOR:70.321,#b39d69,0.863479496649831
01 ammo.png,AMIG-0038,MIG-0038,LIGHT WOOD,,HOBBY COLOR:H79; MR.COLOR:C39; TAMIYA:XF78; MODEL AIR:71.028,#ac9c76,0.9427238757825807
01 ammo.png,AMIG-0039,MIG-0039,LIGHT RUST,,HOBBY COLOR:H24; MR.COLOR:C58; MODEL COLOR:70.911; MODEL AIR:71.130,#d4872f,0.9282607019975198
01 ammo.png,AMIG-0040,MIG-0040,MEDIUM RUST,,HOBBY COLOR:H453; MODEL COLOR:70.981; MODEL AIR:71.129,#a24f33,0.8954606846917166
01 ammo.png,AMIG-0041,MIG-0041,DARK RUST,,MODEL COLOR:70.818,#773824,0.8499781332422497
01 ammo.png,AMIG-0042,MIG-0042,OLD RUST,,MODEL COLOR:70.859; MODEL AIR:71.040,#39221f,0.8789476818943736
01 ammo.png,AMIG-0043,MIG-0043,SHADOW RUST,,MODEL COLOR:70.307,#2a1615,0.9205747100613538
01 ammo.png,AMIG-0044,MIG-0044,CHIPPING,,MODEL COLOR:70.304,#080606,0.8498092133883416
01 ammo.png,AMIG-0045,MIG-0045,GUN METAL,FS37200-RAL 9007-RLM 03,MODEL COLOR:70.863; MODEL AIR:71.072,#605e61,0.8737723453154455
01 ammo.png,AMIG-0046,MIG-0046,MATT BLACK,FS37038-RAL 9005-RLM 22-MS17,HOBBY COLOR:H12; MR.COLOR:C33; TAMIYA:XF1; MODEL COLOR:70.950; MODEL AIR:71.057,#332e2b,0.8570865947864038
01 ammo.png,AMIG-0047,MIG-0047,SATIN WHITE,,HOBBY COLOR:H1; MR.COLOR:C1; MODEL COLOR:70.842,#332e2b,0.8672637126562037
01 ammo.png,AMIG-0048,MIG-0048,YELLOW,RAL 1023,HOBBY COLOR:H4; MR.COLOR:C4; TAMIYA:XF3; MODEL COLOR:70.915; MODEL AIR:71.002,#ddb43b,0.934655640927621
02 ammo.png,,,,,HOBBY COLOR:RALZRLM/FS,#98adb8,0.5248401383908357
02 ammo.png,AMIG-0049,MIG-0049,RED,,HOBBY COLOR:FS31302RAL 3020RLM 23; MR.COLOR:C3/C79/C114; TAMIYA:XF7; MODEL COLOR:70.909; MODEL AIR:71.003,#cbcac9,0.8014277567061185
02 ammo.png,AMIG-0050,MIG-0050,MATT WHITE,,HOBBY COLOR:FS37925RAL 9016RLM 21; MR.COLOR:C62; TAMIYA:XF2; MODEL COLOR:70.951; MODEL AIR:71.001,#969696,0.8372847648043484
02 ammo.png,AMIG-0051,MIG-0051,MEDIUM LIGHT GREEN,,MODEL COLOR:70.336,#b29e3b,0.8281505122645617
02 ammo.png,AMIG-0052,MIG-0052,DEEP GREEN,,MODEL COLOR:70.970; MODEL AIR:71.007,#ebddad,0.9964637124611926
02 ammo.png,AMIG-0053,MIG-0053,PROTECTIVE MC 1200,,TAMIYA:XF70,#969493,0.9726537949618328
02 ammo.png,AMIG-0054,MIG-0054,SIGNAL GREEN,,HOBBY COLOR:H26; MR.COLOR:C66,#939293,0.9847203618978193
02 ammo.png,AMIG-0055,MIG-0055,OIL OCHRE,,MODEL COLOR:70.916; MODEL AIR:71.033,#b39f3b,0.930895596587857
02 ammo.png,AMIG-0056,MIG-0056,GREEN KHAKI,,HOBBY COLOR:KHS5146RLM 83; MR.COLOR:C123; TAMIYA:XF51; MODEL COLOR:70.318; MODEL AIR:71.011,#807e6e,0.9608122313778981
02 ammo.png,AMIG-0057,MIG-0057,YELLOW GREY,,HOBBY COLOR:PKHV4; MODEL AIR:71.326,#d9ceb9,0.9775998938721474
02 ammo.png,AMIG-0058,MIG-0058,LIGHT GREEN KHAKI,,HOBBY COLOR:PKHV512,#af9d3c,0.9871109260765161
02 ammo.png,AMIG-0059,MIG-0059,GREY,,HOBBY COLOR:FS36251KHV16; MODEL AIR:71.050,#b29e3b,0.9411111966537143
02 ammo.png,AMIG-0060,MIG-0060,PALE GREEN,,TAMIYA:XF5; MODEL COLOR:70.967; MODEL AIR:71.006,#37572a,0.9467085868352917
02 ammo.png,AMIG-0061,MIG-0061,WARM SAND-YELLOW,,MODEL AIR:71.074,#b09d3c,0.8463997462383033
02 ammo.png,A.MIG-0062,MIG-0062,FRENCH BLUE,,HOBBY COLOR:H42; MR.COLOR:C72; TAMIYA:XF18; MODEL COLOR:70.900; MODEL AIR:71.113,#b29e3b,0.9184653049139424
02 ammo.png,AMIG-0063,MIG-0063,PALE GREY,,HOBBY COLOR:FS36480RLM 76; MR.COLOR:C117; TAMIYA:XF23; MODEL COLOR:70.907; MODEL AIR:71.257,#e7e6e6,0.8658123838614128
02 ammo.png,AMIG-0064,MIG-0064,EARTH BROWN,,MODEL COLOR:70.303; MODEL AIR:71.037,#703e28,0.9837365180695232
02 ammo.png,AMIG-0065,MIG-0065,FOREST GREEN,,HOBBY COLOR:FS34102RLM 62; MR.COLOR:C303; TAMIYA:XF58; MODEL COLOR:70.348,#ecdeae,0.9356953779100797
02 ammo.png,AMIG-0066,MIG-0066,FADED SINAI GREY,,MODEL AIR:71.142,#e8623a,0.8278991200893875
02 ammo.png,AMIG-0067,MIG-0067,LIGHT SAND GREY,,,#c3c2c2,0.9974240365736942
02 ammo.png,AMIG-0068,MIG-0068,IDF GREEN,,,#3c4732,0.9922431025664218
02 ammo.png,AMIG-0069,MIG-0069,BLUE GREEN,,HOBBY COLOR:H36 /H5g; MR.COLOR:C15; TAMIYA:XF11,#bbb9b8,0.9262027553657098
02 ammo.png,AMIG-0070,MIG-0070,MEDIUM BROWN,,HOBBY COLOR:BS 450; MODEL COLOR:70.312; MODEL AIR:71.035,#848279,0.8615730033744174
02 ammo.png,AMIG-0071,MIG-0071,KHAKI,,HOBBY COLOR:H404; TAMIYA:XF49; MODEL COLOR:70.339; MODEL AIR:71.136,#c8c7c6,0.97767656569203
02 ammo.png,AMIG-0072,MIG-0072,DUST,,TAMIYA:XF55; MODEL COLOR:70.315,#f5f3ee,0.9995478281374524
02 ammo.png,AMIG-0073,MIG-0073,EARTH,,HOBBY COLOR:H457; TAMIYA:XF52; MODEL COLOR:70.874; MODEL AIR:71.024,#bfbebd,0.8492684078181832
02 ammo.png,AMIG-0074,MIG-0074,GREEN MOSS,,MODEL COLOR:70.328; MODEL AIR:71.010,#9f9f89,0.9338919846243201
02 ammo.png,AMIG-0075,MIG-0075,STONE GREY,,TAMIYA:XF80,#b5a03a,0.9932639853106073
02 ammo.png,AMIG-0076,MIG-0076,BROWN SOIL,,HOBBY COLOR:H456,#868585,0.8541788854679364
02 ammo.png,AMIG-0077,MIG-0077,DULL GREEN,,MODEL AIR:71.267,#374d44,0.9285093489893438
02 ammo.png,AMIG-0078,MIG-0078,OCHRE EARTH,,MODEL COLOR:70.927,#adaeae,0.9613027556858031
02 ammo.png,AMIG-0079,MIG-0079,CLAY BROWN,,HOBBY COLOR:H37; MR.COLOR:C43; MODEL AIR:71.034,#5a3722,0.7882887497994469
02 ammo.png,AMIG-0080,MIG-0080,BRIGHT GREEN AMT-4,,MODEL AIR:71.301,#bbbcbd,0.861669516463427
02 ammo.png,AMIG-0081,MIG-0081,US OLIVE DRAB VIETNAM ERA,,HOBBY COLOR:H304 /H405; MR.COLOR:C304; TAMIYA:XF73; MODEL AIR:71.289,#b7b6b5,0.8028652609619911
02 ammo.png,AMIG-0082,MIG-0082,APC INTERIOR LIGHT GREEN,,MODEL COLOR:70.331,#aeaeaf,0.9571110150340097
02 ammo.png,AMIG-0083,MIG-0083,ZASHCHITNIY ZELENO (RUSSIAN POSTWAR GREEN),,HOBBY COLOR:XB 518; MR.COLOR:C320; MODEL COLOR:70.326; MODEL AIR:71.285,#c5c3c2,0.8958494608123064
02 ammo.png,AMIG-0084,MIG-0084,NATO GREEN,,HOBBY COLOR:H80; MR.COLOR:C54; TAMIYA:XF67; MODEL AIR:71.093,#b09d3c,0.8327220718523675
02 ammo.png,AMIG-0085,MIG-0085,NATO BROWN,,HOBBY COLOR:FS 30051RAL 8027; TAMIYA:XF68; MODEL COLOR:70.871; MODEL AIR:71.249,#6f6360,0.8702370321461032
02 ammo.png,AMIG-0086,MIG-0086,BLUE,,HOBBY COLOR:RAL 5019; MR.COLOR:C323; MODEL COLOR:70.844; MODEL AIR:71.089,#768994,0.8615796211153134
02 ammo.png,AMIG-0087,MIG-0087,GELBOLIV,,HOBBY COLOR:RAL 6014; MODEL COLOR:70.877; MODEL AIR:71.012,#c0bfbf,0.99059904339648
02 ammo.png,AMIG-0088,MIG-0088,KHAKI BROWN,,MODEL COLOR:70.860; MODEL AIR:71.077,#b19e3b,0.883840711691383
02 ammo.png,AMIG-0089,MIG-0089,MATT VARNISH,,HOBBY COLOR:H20; MR.COLOR:C182; MODEL COLOR:70.520,#edecec,0.9365932900930533
02 ammo.png,AMIG-0090,MIG-0090,SATIN VARNISH,,MODEL COLOR:70.522,#b29e3b,0.8767596569238972
02 ammo.png,AMIG-0091,MIG-0091,GLOSSY VARNISH,,HOBBY COLOR:H30; MR.COLOR:C46; MODEL COLOR:70.510,#b8b7b6,0.9742067443344173
02 ammo.png,AMIG-0092,MIG-0092,CRYSTAL GREEN,,HOBBY COLOR:H94; MR.COLOR:C138,#b29f3b,0.6984088858454973
02 ammo.png,AMIG-0093,MIG-0093,CRYSTAL RED,,HOBBY COLOR:H90; MR.COLOR:C47; MODEL COLOR:70.934,#c7c6c5,0.9205328346016644
02 ammo.png,AMIG-0094,MIG-0094,CRYSTAL GLASS,,,#b29e3b,0.9727945589774374
02 ammo.png,AMIG-0095,MIG-0095,CRYSTAL SMOKE,,HOBBY COLOR:H95; MR.COLOR:C101,#c6c5c4,0.8906064053655613
02 ammo.png,AMIG-0096,MIG-0096,CRYSTAL GREEN PERISCOPE  (AND TAIL LIGHT ON),,MODEL COLOR:70.936,#728776,0.7589436776439763
03 ammo.png,,,,,HOBBY COLOR:RALZRLM/FS,#40657a,0.4677690122221647
03 ammo.png,A.MIG-0097,MIG-0097,CRYSTAL ORANGE,,HOBBY COLOR:H92; MR.COLOR:C49; MODEL COLOR:70.935,#e37d2b,0.7497995829692808
03 ammo.png,A.MIG-0098,MIG-0098,CRYSTAL LIGHT BLUE,,HOBBY COLOR:H93; MR.COLOR:C50,#eabf2d,0.8297718755438612
03 ammo.png,A.MIG-009g,MIG-0099,CRYSTAL BLACK BLUE (AND TAIL LIGHT OFF),,MODEL COLOR:70.938,#8d8b8a,0.8152706936419881
03 ammo.png,A.MIG-0102,MIG-0102,OCHRE BROWN,,MODEL COLOR:70.856,#ebbf2b,0.8471426397304338
03 ammo.png,AMIG-0103,MIG-0103,MEDIUM BLUE,,HOBBY COLOR:H15; MR.COLOR:C65; MODEL COLOR:70.839,#545f61,0.8944438151718564
03 ammo.png,AMIG-0104,MIG-0104,WASHABLE BLACK,,,#010101,0.9987781031677035
03 ammo.png,A.MIG-0105,MIG-0105,WASHABLE DUST,,HOBBY COLOR:RAL 8000,#edc234,0.8728225982112743
03 ammo.png,A.MIG-0106,MIG-0106,WASHABLE SAND,,HOBBY COLOR:RAL 8020,#ebbe29,0.8594621429713374
03 ammo.png,A.MIG-0107,MIG-0107,WASHABLE EARTH,,,#5c472f,0.8412225718317116
03 ammo.png,A.MIG-0108,MIG-0108,WASHABLE MUD,,,#432d21,0.9135881818148004
03 ammo.png,A.MIG-010g,MIG-0109,WASHABLE RUST,,,#934d35,0.7064259965514421
03 ammo.png,AMIG-0110,MIG-0110,(BRITISH BROWN 1941-42),,HOBBY COLOR:SCC 1ARLM 61; MODEL AIR:71.042,#34271f,0.8642437433324729
03 ammo.png,AMIG-0111,MIG-0111,(BRITISH 1941-42 SERVICE DRAB),,HOBBY COLOR:SCC 2; MR.COLOR:C22; TAMIYA:XF72; MODEL COLOR:70.921; MODEL AIR:71.290,#eebc34,0.8853752217853302
03 ammo.png,AMIG-0112,MIG-0112,(BRITISH 1944-45 OLIVE DRAB),,HOBBY COLOR:SCC 15; MODEL COLOR:70.892; MODEL AIR:71.250,#31351a,0.8598696417109728
03 ammo.png,AMIG-0113,MIG-0113,"KHAKI GREEN N""3 (BRITISH 1939-42)",,MODEL COLOR:70.988; MODEL AIR:71.023,#ecc02e,0.7746512463445405
03 ammo.png,A.MIG-0114,MIG-0114,ZIMMERIT OCHRE COLOR,,MODEL AIR:71.246,#ecbf29,0.7696331119278986
03 ammo.png,A.MIG-0115,MIG-0115,LIGHT SKIN TONE,,TAMIYA:XF15; MODEL COLOR:70.837; MODEL AIR:71.076,#eccdac,0.8592625028047671
03 ammo.png,A.MIG-0116,MIG-0116,BASIC SKIN TONE,,HOBBY COLOR:FS31670; MODEL COLOR:70.928,#8c8b8b,0.9066342955354658
03 ammo.png,A.MIG-0117,MIG-0117,WARM SKIN TONE,,MODEL COLOR:70.815,#ecbc2b,0.9041523134829693
03 ammo.png,A.MIG-0118,MIG-0118,BURNT SAND,,,#836749,0.7982697142038759
03 ammo.png,AMIG-0119,MIG-0119,COLD GRAY,,HOBBY COLOR:FS17865; MODEL COLOR:70.993; MODEL AIR:71.279,#ebbf29,0.793385404494725
03 ammo.png,A.MIG-0120,MIG-0120,LIGHT BROWN-GRAY,,,#dfdfde,0.775983582977249
03 ammo.png,A.MIG-0121,MIG-0121,BLOOD RED,,HOBBY COLOR:FSI1136RAL 3002; MR.COLOR:C327; MODEL COLOR:70.908; MODEL AIR:71.084,#b3b2b1,0.8211672627628939
03 ammo.png,AMIG-0122,MIG-0122,BONE,,MODEL COLOR:70.847; MODEL AIR:71.288,#949494,0.8858280846803659
03 ammo.png,AMIG-0123,MIG-0123,MARINE BLUE,,TAMIYA:XF8; MODEL COLOR:70.930; MODEL AIR:71.004,#ebbe28,0.8908087042943987
03 ammo.png,A.MIG-0124,MIG-0124,LIME GREEN,,MODEL AIR:71.094,#eaeded,0.8920375959542528
03 ammo.png,A.MIG-0125,MIG-0125,GOLD YELLOW,,HOBBY COLOR:FS33655RAL 1003RLM 04; MR.COLOR:C113; MODEL COLOR:70.953; MODEL AIR:71.078,#cf9f25,0.8955866957620541
03 ammo.png,A.MIG-0126,MIG-0126,VIOLET,,HOBBY COLOR:H49; MODEL COLOR:70.960,#ecc234,0.8267237128837679
03 ammo.png,A.MIG-0127,MIG-0127,PURPLE,,HOBBY COLOR:FS37142RAL 4008; MR.COLOR:C67; MODEL COLOR:70.959,#e3bf2c,0.9422239885343666
03 ammo.png,A.MIG-0128,MIG-0128,CYAN,,,#eabf2c,0.9882341386151849
03 ammo.png,A.MIG-0129,MIG-0129,ORANGE,,HOBBY COLOR:FS32246; MR.COLOR:C59; MODEL COLOR:70.956; MODEL AIR:71.083,#db8031,0.9685904865858688
03 ammo.png,AMIG-0130,MIG-0130,FADED YELLOW,,HOBBY COLOR:H318; MR.COLOR:C318,#ebbf2b,0.8937694973027386
03 ammo.png,AMIG-0131,MIG-0131,REAL IDF SINAI GREY 82,,MODEL AIR:71.142,#595332,0.7867125935783406
03 ammo.png,AMIG-0132,MIG-0132,REAL IDF SAND GREY 73,,HOBBY COLOR:H85; MR.COLOR:C45; MODEL AIR:71.141,#d7bf30,0.8228814962443571
03 ammo.png,AMIG-0133,MIG-0133,RED LEATHER,,MODEL COLOR:70.301; MODEL AIR:71.105,#e6c137,0.727240725895424
03 ammo.png,A.MIG-0134,MIG-0134,BURNT BROWN RED,,MODEL COLOR:70.984; MODEL AIR:71.036,#2e210a,0.7427338750900795
03 ammo.png,AMIG-0135,MIG-0135,CINNAMON,,MODEL AIR:71.112,#ebbe35,0.9251571571278215
03 ammo.png,A.MIG-0138,MIG-0138,DESERT YELLOW,,HOBBY COLOR:FS20400; MODEL COLOR:70.912; MODEL AIR:71.291,#ebbe29,0.8865730794144966
03 ammo.png,A.MIG-0139,MIG-0139,RED EARTH,,HOBBY COLOR:H463; MODEL AIR:71.293,#edc335,0.8180035648783133
03 ammo.png,A.MIG-0187,MIG-0187,JET EXHAUST BURNT IRON,,HOBBY COLOR:H76; MR.COLOR:C61; TAMIYA:XF84; MODEL AIR:71.073,#5a3f2b,0.8575878891904916
03 ammo.png,AMIG-0188,MIG-0188,METALLIC RED,,HOBBY COLOR:H87; MR.COLOR:C75; MODEL AIR:71.070,#ce8c7f,0.891549839123146
03 ammo.png,A.MIG-0189,MIG-0189,METALLIC ORANGE,,,#d29555,0.9287659170307836
03 ammo.png,AMIG-0190,MIG-0190,OLD BRASS,,MODEL COLOR:70.801,#6a4921,0.9907250528069831
03 ammo.png,AMIG-0191,MIG-0191,STEEL,,HOBBY COLOR:RAL 9006; MR.COLOR:C28; MODEL COLOR:70.864; MODEL AIR:71.065,#8d8880,0.9274483912075923
03 ammo.png,AMIG-0192,MIG-0192,POLISHED METAL,,TAMIYA:XF56; MODEL COLOR:70.865,#504d46,0.9990058724560956
03 ammo.png,AMIG-0193,MIG-0193,BLUISH TITANIUM,,,#45504e,0.7928819966822164
03 ammo.png,AMIG-0194,MIG-0194,MATT ALUMINUM,,TAMIYA:XF16; MODEL AIR:71.062,#8b8982,0.894011613325767
03 ammo.png,A.MIG-0195,MIG-0195,SILVER,,HOBBY COLOR:FS 17178RLM 01; MR.COLOR:C8 / C90; MODEL COLOR:70.997; MODEL AIR:71.063,#86847c,0.7902175857543879
04 ammo.png,,,,,HOBBY COLOR:RAL/RLWFS,#8da4b1,0.6019010204759685
04 ammo.png,AMIG-0196,MIG-0196,WARHEAD METALLIC BLUE,,HOBBY COLOR:H88; MR.COLOR:C76,#003a76,0.9197162954207065
04 ammo.png,AMIG-0197,MIG-0197,BRASS,,MODEL AIR:71.067,#b18544,0.9534540055081072
04 ammo.png,AMIG-0198,MIG-0198,GOLD,,HOBBY COLOR:FS 17043; MR.COLOR:C9; MODEL COLOR:70.996; MODEL AIR:71.066,#cdcccc,0.92688923187814
04 ammo.png,AMIG-019g,MIG-0199,COPPER,,HOBBY COLOR:H10; MR.COLOR:C10; TAMIYA:XF6; MODEL COLOR:70.999; MODEL AIR:71.068,#833326,0.8237058073199752
04 ammo.png,AMIG-0200,MIG-0200,MIDDLESTONE,,HOBBY COLOR:FS 33531; MR.COLOR:C313,#dadad9,0.9193693684197886
04 ammo.png,A.MIG-0201,MIG-0201,LIGHT GRAY GREEN,,HOBBY COLOR:FS 34424; MODEL COLOR:70.885,#d8d9d0,0.9008848593269944
04 ammo.png,AMIG-0202,MIG-0202,TAN,,HOBBY COLOR:FS 30219; MR.COLOR:C310; TAMIYA:XF59; MODEL COLOR:70.843; MODEL AIR:71.125,#f56832,0.8800032423890085
04 ammo.png,A.MIG-0203,MIG-0203,LIGHT COMPASS GHOST GRAY,,HOBBY COLOR:FS 36375RALZOOI; MR.COLOR:C308; MODEL COLOR:70.990,#cad1d1,0.8390081379903065
04 ammo.png,A.MIG-0204,MIG-0204,MEDIUM GUNSHIP GRAY,,HOBBY COLOR:FS 36118; MR.COLOR:C305; TAMIYA:XF77; MODEL COLOR:70.868; MODEL AIR:71.047,#c0bfbe,0.8934437391383656
04 ammo.png,A.MIG-0205,MIG-0205,(BS 638),,HOBBY COLOR:FS 26231; MR.COLOR:C317 /C331; MODEL COLOR:70.991; MODEL AIR:71.051,#6f7d81,0.8725405118474789
04 ammo.png,A.MIG-0206,MIG-0206,(BS 641),,HOBBY COLOR:FS 34079RLM 81; MR.COLOR:C309; MODEL COLOR:70.893; MODEL AIR:71.294,#bfbebd,0.798460380724997
04 ammo.png,AMIG-0207,MIG-0207,(BS 626),,HOBBY COLOR:FS 36314; MR.COLOR:C334; TAMIYA:XF19; MODEL COLOR:70.989; MODEL AIR:71.046,#939795,0.867600244541856
04 ammo.png,AMIG-0208,MIG-0208,DARK COMPASS GHOST GRAY,,HOBBY COLOR:FS 36320; MR.COLOR:C307; MODEL AIR:71.120,#c8c7c7,0.8366784338147509
04 ammo.png,AMIG-0209,MIG-0209,LIGHT GRAY,,HOBBY COLOR:H51 /H338; MR.COLOR:C11 /C338; MODEL AIR:71.276,#c7c8c7,0.8778009060973544
04 ammo.png,AMIG-0210,MIG-0210,BLUE GRAY AMT-11,,HOBBY COLOR:FS 35237; MR.COLOR:C337; MODEL COLOR:70.905; MODEL AIR:71.304,#d8d7d7,0.8946457075381994
04 ammo.png,A.MIG-0211,MIG-0211,MEDIUM GRAY,,HOBBY COLOR:FS 36270; MR.COLOR:C306; MODEL AIR:71.275,#838a8f,0.8529820277835607
04 ammo.png,A.MIG-0212,MIG-0212,SILVER GREY,,HOBBY COLOR:FS 26373BS 627; MR.COLOR:C332; MODEL AIR:71.119,#c0c5c5,0.9033397148616233
04 ammo.png,AMIG-0213,MIG-0213,GREEN,,HOBBY COLOR:FS 24277; MODEL AIR:71.305,#819288,0.8868396725036539
04 ammo.png,A.MIG-0217,MIG-0217,GREEN SLATE,,HOBBY COLOR:RAL 7002RLM 02; MR.COLOR:C60; TAMIYA:XF22; MODEL COLOR:70.886; MODEL AIR:71.044,#d8d7d7,0.9281674748099877
04 ammo.png,A.MIG-0218,MIG-0218,SCHWARTZGRAU,,HOBBY COLOR:RLM66; MR.COLOR:C116; TAMIYA:XF63; MODEL COLOR:70.866; MODEL AIR:71.055,#424743,0.8628795342849195
04 ammo.png,AMIG-0219,MIG-0219,INTERIOR GREEN,,HOBBY COLOR:FS 34226,#9aaaa2,0.9816150393351395
04 ammo.png,A.MIG-0220,MIG-0220,ZINC CHROMATE GREEN (INTERIOR GREEN),,HOBBY COLOR:FS 34151; MODEL COLOR:70.850; MODEL AIR:71.137,#b7b9ba,0.886428097137454
04 ammo.png,AMIG-0221,MIG-0221,ZINC CHROMATE YELLOW,,HOBBY COLOR:FS 33481; MR.COLOR:C27; TAMIYA:XF4; MODEL AIR:71.107,#bfbebd,0.9076233760177331
04 ammo.png,AMIG-0222,MIG-0222,SANDGELB,,HOBBY COLOR:RLM 79; MR.COLOR:C119; MODEL COLOR:70.876; MODEL AIR:71.278,#b2b3b3,0.8857738543171263
04 ammo.png,AMIG-0223,MIG-0223,INTERIOR TURQUOISE GREEN,,HOBBY COLOR:H46; MODEL COLOR:70.838,#acabaa,0.7962923251570936
04 ammo.png,AMIG-0224,MIG-0224,SKY LINE BLUE AIl,,HOBBY COLOR:FS 35260; MODEL COLOR:70.961; MODEL AIR:71.317,#b2b3b3,0.895024946615834
04 ammo.png,AMIG-0226,MIG-0226,GRAY,,HOBBY COLOR:FS 36622; MR.COLOR:C311; MODEL COLOR:70.883; MODEL AIR:71.296,#d2d1d1,0.868659702645936
04 ammo.png,A.MIG-0227,MIG-0227,SEA BLUE,,HOBBY COLOR:FS 25042; MR.COLOR:C14; TAMIYA:XF50; MODEL COLOR:70.898; MODEL AIR:71.005,#b2b3b3,0.9313813768303291
04 ammo.png,A.MIG-0228,MIG-0228,INTERMEDIATE BLUE,,HOBBY COLOR:FS 35164RAL 7031ANA 608; TAMIYA:XF66; MODEL COLOR:70.903; MODEL AIR:71.299,#c3c2c1,0.8663839018430063
04 ammo.png,A.MIG-0229,MIG-0229,DARK GRAY BLUE,,HOBBY COLOR:FS 15102,#a8a9aa,0.852233831567699
04 ammo.png,AMIG-0230,MIG-0230,CAMO GREEN,,HOBBY COLOR:FS34095RAL 6020RLM 82; MR.COLOR:C122; MODEL COLOR:70.823; MODEL AIR:71.022,#c9c7c7,0.9141218922171743
04 ammo.png,A.MIG-0231,MIG-0231,HELLBLAU,,HOBBY COLOR:FS35352RLM 65; MR.COLOR:C115; TAMIYA:XF25; MODEL COLOR:70.906; MODEL AIR:71.255,#afb0b0,0.8927021811461511
04 ammo.png,A.MIG-0232,MIG-0232,SCHWARTZGRUN,,HOBBY COLOR:FS34052RAL 7022RLM 70; MR.COLOR:C18; TAMIYA:XF27; MODEL COLOR:70.897; MODEL AIR:71.021,#b6b4b4,0.9048616336408191
04 ammo.png,A.MIG-0233,MIG-0233,DUNKELGRUN,,HOBBY COLOR:RLM 71; MR.COLOR:C17; MODEL AIR:71.015,#c6c8c9,0.8912640077824654
04 ammo.png,A.MIG-0235,MIG-0235,DARK GREY AMT-12,,HOBBY COLOR:FS 36152RAL 7012; MR.COLOR:C32; TAMIYA:XF75; MODEL AIR:71.308,#7e8386,0.8680218291948723
04 ammo.png,A.MIG-0236,MIG-0236,FS 36293,,HOBBY COLOR:H82; MR.COLOR:C31,#bbbfc0,0.8598243337552997
04 ammo.png,A.MIG-0237,MIG-0237,DARK OLIVE DRAB,,HOBBY COLOR:FS 23070; MR.COLOR:C12; TAMIYA:XF62; MODEL AIR:71.016,#c6c5c4,0.8557264116717185
04 ammo.png,A.MIG-0238,MIG-0238,MEDIUM GREEN,,HOBBY COLOR:FS 34092ANA 612; MR.COLOR:C302; TAMIYA:XF26; MODEL COLOR:70.895; MODEL AIR:71.124,#526150,0.8083728341002254
04 ammo.png,A.MIG-0239,MIG-0239,NEUTRAL GRAY,,HOBBY COLOR:FS 36122; MR.COLOR:C13; MODEL AIR:71.274,#c8c7c7,0.857601127969972
04 ammo.png,A.MIG-0240,MIG-0240,FS 34086 (ANA 613),,HOBBY COLOR:FS 34086RAL 7009; MODEL COLOR:70.830; MODEL AIR:71.325,#e1e4e5,0.8399688910102552
04 ammo.png,A.MIG-0241,MIG-0241,FS 36440,,HOBBY COLOR:FS 36440 RAL 7038; MR.COLOR:C315 / C325; MODEL COLOR:70.986; MODEL AIR:71.121,#a9a6a5,0.7485331617193154
04 ammo.png,AMIG-0242,MIG-0242,FS 37886,,,#9c9c9c,0.8329136118612882
04 ammo.png,AMIG-0243,MIG-0243,SKY TYPE S,,HOBBY COLOR:BS 210; TAMIYA:XF21; MODEL AIR:71.302,#d8d7d7,0.8404760131043758
04 ammo.png,AMIG-0244,MIG-0244,DUCK EGG GREEN,,HOBBY COLOR:BS 216; MR.COLOR:C26; MODEL AIR:71.009,#9da779,0.9352971859683431
04 ammo.png,AMIG-0245,MIG-0245,OCEAN GREY,,HOBBY COLOR:BS 629; TAMIYA:XF82; MODEL AIR:71.273,#d8d7d7,0.8056788906949448
04 ammo.png,A.MIG-0246,MIG-0246,MEDIUM SEA GREY,,HOBBY COLOR:BS 637; MR.COLOR:C335; TAMIYA:XF83; MODEL COLOR:70.870; MODEL AIR:71.307,#b6b7b7,0.924763437768302
04 ammo.png,AMIG-0247,MIG-0247,HELLBLAU,,HOBBY COLOR:RLM 78; MR.COLOR:C118; MODEL COLOR:70.972; MODEL AIR:71.101,#bab8b7,0.8983691804931845
04 ammo.png,AMIG-0248,MIG-0248,OLIVGRUN,,HOBBY COLOR:FS34083RLM 80; MR.COLOR:C120; MODEL COLOR:70.894; MODEL AIR:71.265,#babcbd,0.7965294175992109
05 ammo.png,AMIG-0249,MIG-0249,LIGHT BLUE,FS35550,MODEL AIR:71.306,#7f9cac,0.7803487301618899
05 ammo.png,A.MIG-0250,MIG-0250,NIGHT BLUE GREY,,MODEL COLOR:70.964,#454b54,0.8741815638103215
05 ammo.png,A.MIG-0251,MIG-0251,RUSSIAN BLUE AMT-7,,MODEL AIR:71.318,#49626a,0.7555936403249037
05 ammo.png,AMIG-0252,MIG-0252,GREY BROWN AMT-1,,MODEL AIR:71.320,#726c64,0.9090732888864995
05 ammo.png,A.MIG-0253,MIG-0253,GRAUGRUN,RLM 74,HOBBY COLOR:H68; MR.COLOR:C36; MODEL COLOR:70.867; MODEL AIR:71.258,#3f473f,0.8834400853569574
05 ammo.png,A.MIG-0254,MIG-0254,GRAUVIOLETT,RLM 75,HOBBY COLOR:H69; MR.COLOR:C37; MODEL COLOR:70.869; MODEL AIR:71.259,#717471,0.9106443045157963
05 ammo.png,A.MIG-0255,MIG-0255,BRAUNVIOLETT,RLM 81,HOBBY COLOR:H421; MR.COLOR:C121; MODEL AIR:71.264,#605149,0.7499521337361823
05 ammo.png,A.MIG-0256,MIG-0256,GRAUBLAU,RLM 84,MODEL AIR:71.103,#b2b17b,0.9268932208399017
05 ammo.png,A.MIG-0257,MIG-0257,AZURE BLUE,,MR.COLOR:C370; MODEL COLOR:70.902; MODEL AIR:71.108,#697da3,0.9471973522157665
05 ammo.png,A.MIG-0900,MIG-0900,DUNKELGELB SHADOW,,,#796d4c,0.7272282981594806
05 ammo.png,A.MIG-0901,MIG-0901,DUNKELGELB DARK BASE,,MODEL AIR:71.030,#817446,0.9062280939234656
05 ammo.png,A.MIG-0902,MIG-0902,DUNKELGELB BASE,,HOBBY COLOR:H71; MR.COLOR:C21; MODEL COLOR:70.882,#9d8d55,0.8220302426462638
05 ammo.png,AMIG-0903,MIG-0903,DUNKELGELB LIGHT BASE,,MODEL COLOR:70.976,#c9c491,0.8428702147141084
05 ammo.png,A.MIG-0904,MIG-0904,DUNKELGELB HIGH LIGHT,,,#dcd7be,0.8485521254820276
05 ammo.png,A.MIG-0905,MIG-0905,DUNKELGELB SHINE,,MODEL COLOR:70.344; MODEL AIR:71.132,#282c2d,0.8780883184609205
05 ammo.png,A.MIG-0906,MIG-0906,GREY SHADOW,BS 640,HOBBY COLOR:H333; MR.COLOR:C333,#383a43,0.8745041402208195
05 ammo.png,A.MIG-0907,MIG-0907,GREY DARK BASE,,TAMIYA:XF69; MODEL COLOR:70.333; MODEL AIR:71.049,#3d404c,0.949921652111673
05 ammo.png,A.MIG-0908,MIG-0908,GREY BASE,FS 26081,HOBBY COLOR:H301 /H339; MR.COLOR:C301 / €339; MODEL COLOR:70.995,#686c72,0.8633515246946015
05 ammo.png,AMIG-0909,MIG-0909,GREY LIGHT BASE,,HOBBY COLOR:H458; TAMIYA:XF24,#71737b,0.8222477669505035
05 ammo.png,A.MIG-0910,MIG-0910,GREY HIGH LIGHT,,HOBBY COLOR:H75; MR.COLOR:C25; TAMIYA:XF54; MODEL COLOR:70.836; MODEL AIR:71.277,#9799a3,0.8539030310453084
05 ammo.png,AMIG-0911,MIG-0911,GREY SHINE,,,#6f6465,0.7576044998619913
05 ammo.png,AMIG-0912,MIG-0912,RED BROWN SHADOW,,HOBBY COLOR:H17; MR.COLOR:C29; TAMIYA:XF9; MODEL AIR:71.038,#5c2e1f,0.8178093371136871
05 ammo.png,A.MIG-0913,MIG-0913,RED BROWN BASE,,HOBBY COLOR:H7; MR.COLOR:C7; TAMIYA:XF79,#935c4c,0.8590788955439629
05 ammo.png,A.MIG-0914,MIG-0914,RED BROWN LIGHT,,,#222a15,0.699103321093624
05 ammo.png,AMIG-0915,MIG-0915,DARK GREEN,,TAMIYA:XF81,#495838,0.8150263227019304
05 ammo.png,A.MIG-0916,MIG-0916,GREEN BASE,,MODEL COLOR:70.827,#88aa71,0.9048715180969291
05 ammo.png,AMIG-0917,MIG-0917,LIGHT GREEN,,,#2e1d1e,0.7111308670651891
05 ammo.png,A.MIG-0918,MIG-0918,RED PRIMER SHADOW,,MODEL COLOR:70.822,#250d06,0.8534386974176416
05 ammo.png,AMIG-0919,MIG-0919,RED PRIMER DARK BASE,,,#2f0c08,0.8467759867291498
05 ammo.png,AMIG-0920,MIG-0920,RED PRIMER,,,#531e10,0.9949858112779257
05 ammo.png,AMIG-0921,MIG-0921,RED PRIMER LIGHT BASE,,,#744227,0.7298524827258333
05 ammo.png,A.MIG-0922,MIG-0922,RED PRIMER HIGH LIGHTS,,,#935b33,0.5868953056006352
05 ammo.png,A.MIG-0923,MIG-0923,RED PRIMER SHINE,,MODEL COLOR:70.341; MODEL AIR:71.026,#222012,0.9113780705914201
05 ammo.png,A.MIG-0924,MIG-0924,OLIVE DRAB SHADOW,,,#3a3821,0.817856968386717
05 ammo.png,A.MIG-0925,MIG-0925,OLIVE DRAB DARK BASE,RLM 83,HOBBY COLOR:H78; MR.COLOR:C38; MODEL COLOR:70.889; MODEL AIR:71.043,#4a492f,0.93528645036541
05 ammo.png,A.MIG-0926,MIG-0926,OLIVE DRAB BASE,,HOBBY COLOR:H304; MR.COLOR:C304; MODEL AIR:71.286,#6e6a51,0.6900440853719834
05 ammo.png,A.MIG-0927,MIG-0927,OLIVE DRAB LIGHT BASE,,,#64624c,0.6839416052540065
05 ammo.png,AMIG-0928,MIG-0928,OLIVE DRAB HIGH LIGHTS,,MODEL AIR:71.139,#817e62,0.7922575503100266
05 ammo.png,AMIG-0929,MIG-0929,OLIVE DRAB SHINE,,MODEL COLOR:70.332; MODEL AIR:71.138,#282811,0.8705124360683892
05 ammo.png,A.MIG-0930,MIG-0930,RUSSIAN SHADOW,,,#535231,0.6086305720533189
05 ammo.png,AMIG-0931,MIG-0931,RUSSIAN DARK BASE,,TAMIYA:XF74; MODEL AIR:71.020,#54521f,0.8904515833877904
05 ammo.png,A.MIG-0932,MIG-0932,RUSSIAN BASE,,MODEL AIR:71.303,#6f6640,0.8893380124932111
05 ammo.png,AMIG-0933,MIG-0933,RUSSIAN LIGHT BASE,,,#7f7751,0.7769954922393281
05 ammo.png,A.MIG-0934,MIG-0934,RUSSIAN HIGH LIGHT,,,#8f8762,0.841087432505913
05 ammo.png,A.MIG-0935,MIG-0935,RUSSIAN SHINE,,HOBBY COLOR:H62; MR.COLOR:C56; TAMIYA:XF14; MODEL AIR:71.321,#908863,0.8928458356622903
